Instrument,BID,ASK,RT_YIELD_1
US2YT=RR,100.54296875,100.55078125,4.0811
